timestamp,simulation_time,total_vehicles,average_waiting_time,total_queue_length,north_vehicles,south_vehicles,east_vehicles,west_vehicles,north_pressure,south_pressure,east_pressure,west_pressure,current_phase,controller_mode,emergency_active
1770698489.6671064,0.9,12,0.0,0,3,3,3,3,3.0,3.0,3.0,3.0,0,adaptive,False
1770698489.6854024,1.9,16,0.0,0,4,4,4,4,4.0,4.0,4.0,4.0,0,adaptive,False
1770698489.704568,2.9,16,0.0,0,4,4,4,4,4.0,4.0,4.0,4.0,0,adaptive,False
1770698489.7219374,3.9,16,0.0,0,4,4,4,4,4.0,4.0,4.0,4.0,0,adaptive,False
1770698489.7393095,4.9,16,0.0,0,4,4,4,4,4.0,4.0,4.0,4.0,0,adaptive,False
1770698489.769225,5.9,16,0.0,0,4,4,4,4,4.0,4.0,4.0,4.0,0,adaptive,False
1770698489.785516,6.9,16,0.0,0,4,4,4,4,4.0,4.0,4.0,4.0,0,adaptive,False
1770698489.7989564,7.9,18,0.0,0,4,4,5,5,4.0,4.0,5.0,5.0,0,adaptive,False
1770698489.8927412,8.9,18,0.0,0,4,4,5,5,4.0,4.0,5.0,5.0,0,adaptive,False
1770698489.9891546,9.9,19,0.0,0,5,4,5,5,5.0,4.0,5.0,5.0,0,adaptive,False
1770698490.1165307,10.9,20,0.0,0,5,5,5,5,5.0,5.0,5.0,5.0,0,adaptive,False
1770698490.2307906,11.9,20,0.0,0,5,5,5,5,5.0,5.0,5.0,5.0,0,adaptive,False
1770698490.3161948,12.9,20,0.0,0,5,5,5,5,5.0,5.0,5.0,5.0,0,adaptive,False
1770698490.3856318,13.9,20,0.0,0,5,5,5,5,5.0,5.0,5.0,5.0,0,adaptive,False
1770698490.458488,14.9,21,0.0,0,5,5,6,5,5.0,5.0,6.0,5.0,0,adaptive,False
1770698490.5392458,15.9,22,0.0,0,5,5,6,6,5.0,5.0,6.0,6.0,0,adaptive,False
1770698490.6249993,16.9,22,0.0,0,5,5,6,6,5.0,5.0,6.0,6.0,0,adaptive,False
1770698490.703811,17.9,22,0.0,0,5,5,6,6,5.0,5.0,6.0,6.0,0,adaptive,False
1770698490.7855182,18.9,23,0.0,0,6,5,6,6,6.0,5.0,6.0,6.0,0,adaptive,False
1770698490.8694026,19.9,23,0.0,0,6,5,6,6,6.0,5.0,6.0,6.0,0,adaptive,False
1770698490.952878,20.9,25,0.0,0,6,6,7,6,6.0,6.0,7.0,6.0,0,adaptive,False
1770698491.008703,21.9,26,0.0,0,6,6,8,6,6.0,6.0,8.0,6.0,0,adaptive,False
1770698491.0806332,22.9,28,0.0,0,6,6,8,8,6.0,6.0,8.0,8.0,0,adaptive,False
1770698491.1533403,23.9,28,0.0,0,6,6,8,8,6.0,6.0,8.0,8.0,0,adaptive,False
1770698491.2194033,24.9,30,0.0,0,8,6,8,8,8.0,6.0,8.0,8.0,0,adaptive,False
1770698491.292786,25.9,30,0.0,0,8,6,7,9,8.0,6.0,7.0,9.0,0,adaptive,False
1770698491.366227,26.9,30,0.02333333333333333,1,8,6,7,9,8.0,6.0,7.0,9.07,0,adaptive,False
1770698491.430764,27.9,32,0.065625,2,9,6,8,9,9.04,6.0,8.0,9.17,0,adaptive,False
1770698491.5032332,28.9,33,0.20606060606060608,6,9,6,9,9,9.15,6.16,9.0,9.37,0,adaptive,False
1770698491.5787456,29.9,32,0.4,6,9,6,8,9,9.35,6.36,8.0,9.57,0,adaptive,False
1770698491.6805189,30.9,35,0.5399999999999999,7,9,8,8,10,9.56,8.56,8.0,10.77,0,adaptive,False
1770698491.7957366,31.9,35,0.74,7,9,8,8,10,9.86,8.76,8.0,10.97,0,adaptive,False
1770698491.9113545,32.9,34,0.9852941176470589,8,9,8,7,10,10.16,8.96,7.0,11.23,0,adaptive,False
1770698492.0221205,33.9,34,1.2205882352941178,8,9,8,7,10,10.46,9.16,7.0,11.530000000000001,0,adaptive,False
1770698492.13953,34.9,34,1.4705882352941178,9,9,8,7,10,10.76,9.41,7.0,11.83,0,adaptive,False
1770698492.2218356,35.9,33,1.7878787878787878,9,9,8,6,10,11.06,9.71,6.0,12.129999999999999,0,adaptive,False
1770698492.2892463,36.9,36,1.8888888888888888,9,10,9,7,10,12.36,11.01,7.0,12.43,0,adaptive,False
1770698492.3748145,37.9,37,2.081081081081081,9,10,9,7,11,12.66,11.31,7.0,13.73,0,adaptive,False
1770698492.449016,38.9,36,2.4305555555555554,11,10,9,6,11,13.04,11.61,6.0,14.1,0,adaptive,False
1770698492.5221262,39.9,36,2.7583333333333333,12,10,9,6,11,13.44,11.99,6.0,14.5,0,adaptive,False
1770698492.608426,40.9,37,3.0081081081081082,12,10,9,7,11,13.84,12.39,7.0,14.9,0,adaptive,False
1770698492.6864977,41.9,37,3.3378378378378377,13,10,10,6,11,14.24,13.809999999999999,6.0,15.3,0,adaptive,False
1770698492.7661648,42.9,37,3.7108108108108113,14,10,10,6,11,14.64,14.309999999999999,6.0,15.780000000000001,0,adaptive,False
1770698492.853162,43.9,38,4.002631578947367,15,10,10,7,11,15.120000000000001,14.809999999999999,7.0,16.28,0,adaptive,False
1770698492.9303486,44.9,38,4.397368421052632,15,10,10,7,11,15.620000000000001,15.31,7.0,16.78,0,adaptive,False
1770698493.0303667,45.9,42,4.335714285714286,15,11,10,8,13,17.12,15.81,8.0,19.28,0,adaptive,False
1770698493.1355255,46.9,42,4.692857142857143,15,11,10,8,13,17.62,16.310000000000002,8.0,19.78,0,adaptive,False
1770698493.2194376,47.9,42,5.066666666666667,16,11,10,8,13,18.12,16.81,8.0,20.35,0,adaptive,False
1770698493.3089955,48.9,44,5.2,16,13,10,8,13,20.62,17.31,8.0,20.95,0,adaptive,False
1770698493.3890827,49.9,44,3.788636363636364,11,13,10,8,13,21.120000000000005,10.0,8.0,21.55,0,adaptive,False
1770698493.477284,50.9,42,4.2404761904761905,12,13,7,9,13,21.66,7.0,9.0,22.15,0,adaptive,False
1770698493.5664225,51.9,45,4.224444444444444,12,13,8,9,15,22.259999999999998,8.0,9.0,24.75,0,adaptive,False
1770698493.6528482,52.9,46,4.406521739130435,13,13,8,9,16,22.86,8.0,9.06,26.35,0,adaptive,False
1770698493.753333,53.9,45,4.808888888888888,15,13,7,9,16,23.520000000000003,7.0,9.16,26.96,0,adaptive,False
1770698493.8535495,54.9,44,5.288636363636363,17,14,5,9,16,25.22,5.0,9.39,27.66,0,adaptive,False
1770698493.9903595,55.9,45,5.56,18,14,5,10,16,25.92,5.0,10.69,28.41,0,adaptive,False
1770698494.1392856,56.9,45,5.997777777777777,21,14,5,10,16,26.689999999999998,5.0,10.99,29.310000000000002,0,adaptive,False
1770698494.239289,57.9,46,6.32391304347826,21,14,5,11,16,27.589999999999996,5.0,12.29,30.21,0,adaptive,False
1770698494.339457,58.9,45,6.931111111111111,21,14,4,11,16,28.49,4.0,12.59,31.110000000000003,0,adaptive,False
1770698494.43585,59.9,44,7.570454545454546,22,14,3,11,16,29.39,3.0,12.91,32.010000000000005,0,adaptive,False
1770698494.4855156,60.9,47,7.561702127659574,23,14,4,12,17,30.29,4.0,14.31,33.94,1,adaptive,False
1770698494.5273452,61.9,48,7.883333333333333,23,14,5,12,17,31.189999999999998,5.0,14.71,34.94,1,adaptive,False
1770698494.580397,62.9,48,8.375,24,14,5,12,17,32.09,5.06,15.11,35.94,1,adaptive,False
1770698494.6248803,63.9,49,8.70204081632653,25,15,5,12,17,34.03,5.16,15.51,36.94,1,adaptive,False
1770698494.677428,64.9,50,4.926,16,15,5,13,17,35.03,5.26,16.91,17.43,6,adaptive,False
1770698494.7256455,65.9,47,5.468085106382978,15,15,5,13,14,36.03,5.36,17.310000000000002,14.0,6,adaptive,False
1770698494.7767045,66.9,47,5.787234042553192,15,15,5,13,14,37.03,5.46,17.71,14.0,6,adaptive,False
1770698494.8251503,67.9,47,6.1063829787234045,15,15,5,13,14,38.03,5.56,18.11,14.0,6,adaptive,False
1770698494.8718088,68.9,46,6.584782608695653,16,15,5,13,13,39.03,5.75,18.51,13.0,6,adaptive,False
1770698494.9150405,69.9,44,7.247727272727274,16,15,5,13,11,40.03,5.95,18.91,11.0,6,adaptive,False
1770698494.9531794,70.9,44,7.611363636363637,16,15,5,13,11,41.03,6.15,19.310000000000002,11.0,6,adaptive,False
1770698494.9919388,71.9,42,8.373809523809525,17,15,5,13,9,42.03,6.35,19.79,9.0,6,adaptive,False
1770698495.0533817,72.9,48,7.681250000000001,17,18,7,14,9,46.03,8.55,21.29,9.0,7,adaptive,False
1770698495.089071,73.9,47,8.22127659574468,18,19,7,14,7,48.03,8.75,21.86,7.0,7,adaptive,False
1770698495.1364114,74.9,47,8.617021276595745,19,19,7,14,7,49.03,8.95,22.52,7.0,7,adaptive,False
1770698495.1864204,75.9,48,8.845833333333333,20,19,7,14,8,50.09,9.15,23.22,8.0,7,adaptive,False
1770698495.236089,76.9,48,7.252083333333334,15,19,7,14,8,51.19,9.36,14.26,8.0,2,adaptive,False
1770698495.2892544,77.9,46,7.836956521739131,15,19,7,11,9,52.29,9.66,11.0,9.1,2,adaptive,False
1770698495.3289235,78.9,46,8.16304347826087,15,19,7,11,9,53.39,9.96,11.0,9.2,2,adaptive,False
1770698495.37595,79.9,44,8.875,15,19,7,9,9,54.49,10.26,9.0,9.3,2,adaptive,False
1770698495.422266,80.9,45,9.02888888888889,16,19,7,10,9,55.589999999999996,10.56,10.0,9.48,2,adaptive,False
1770698495.466694,81.9,45,9.38888888888889,17,20,7,9,9,57.71,10.86,9.0,9.68,2,adaptive,False
1770698495.5124383,82.9,45,9.791111111111112,19,20,8,7,10,58.94,12.16,7.0,10.96,2,adaptive,False
1770698495.5718753,83.9,45,10.213333333333335,19,20,8,7,10,60.24,12.46,7.0,11.26,2,adaptive,False
1770698495.6190069,84.9,45,10.642222222222225,20,20,8,7,10,61.57000000000001,12.760000000000002,7.0,11.56,3,adaptive,False
1770698495.6583009,85.9,45,11.086666666666666,20,20,8,7,10,62.97,13.06,7.0,11.86,3,adaptive,False
1770698495.7086349,86.9,46,11.280434782608696,20,20,8,8,10,64.37,13.36,8.0,12.16,3,adaptive,False
1770698495.763479,87.9,46,11.726086956521739,21,20,8,8,10,65.77,13.66,8.05,12.46,3,adaptive,False
1770698495.8162367,88.9,45,11.148888888888887,19,20,7,8,10,67.16999999999999,7.0,8.15,12.85,4,adaptive,False
1770698495.875817,89.9,43,12.109302325581394,19,20,5,8,10,68.57,5.0,8.25,13.25,4,adaptive,False
1770698495.9433205,90.9,49,11.046938775510206,21,21,7,9,12,70.97,7.0,9.45,15.71,4,adaptive,False
1770698496.019102,91.9,47,11.963829787234044,21,21,5,9,12,72.37,5.0,9.65,16.21,4,adaptive,False
1770698496.0878072,92.9,48,12.158333333333333,22,21,6,9,12,73.80000000000001,6.0,9.85,16.71,4,adaptive,False
1770698496.1894526,93.9,49,12.359183673469389,22,21,6,10,12,75.30000000000001,6.0,11.05,17.21,4,adaptive,False
1770698496.2530634,94.9,49,12.816326530612244,23,21,6,10,12,76.80000000000001,6.0,11.29,17.71,4,adaptive,False
1770698496.3086736,95.9,49,13.285714285714286,23,21,6,10,12,78.30000000000001,6.0,11.59,18.21,4,adaptive,False
1770698496.3648102,96.9,51,13.215686274509803,23,23,6,10,12,81.80000000000001,6.0,11.89,18.71,5,adaptive,False
1770698496.4086363,97.9,52,13.403846153846153,23,23,6,10,13,83.30000000000001,6.0,12.19,20.21,5,adaptive,False
1770698496.4530876,98.9,52,13.846153846153847,23,23,6,10,13,84.80000000000001,6.0,12.49,20.71,5,adaptive,False
1770698496.4891922,99.9,53,14.018867924528301,23,24,6,10,13,87.30000000000001,6.0,12.79,21.21,5,adaptive,False
1770698496.5495899,100.9,55,6.961818181818181,19,24,6,12,13,50.45,6.04,15.09,21.71,0,adaptive,False
1770698496.6022522,101.9,52,3.394230769230769,14,21,6,12,13,25.810000000000002,6.14,15.39,22.310000000000002,0,adaptive,False
1770698496.644068,102.9,55,2.518181818181818,11,21,7,12,15,21.0,7.25,15.69,24.91,0,adaptive,False
1770698496.6915312,103.9,53,2.839622641509434,12,19,7,12,15,19.0,7.45,15.99,25.61,0,adaptive,False
1770698496.7608268,104.9,52,3.126923076923077,13,18,7,12,15,18.0,7.65,16.29,26.32,0,adaptive,False
1770698496.819521,105.9,51,3.4627450980392154,14,16,7,12,16,16.0,7.85,16.69,28.12,0,adaptive,False
1770698496.866741,106.9,51,3.7372549019607844,14,16,7,12,16,16.0,8.05,17.09,28.92,0,adaptive,False
1770698496.915053,107.9,49,4.1755102040816325,14,14,7,12,16,14.0,8.25,17.490000000000002,29.72,0,adaptive,False
1770698496.9588096,108.9,49,4.461224489795918,14,12,8,13,16,12.0,9.45,18.89,30.52,1,adaptive,False
1770698497.0032387,109.9,49,4.7673469387755105,15,12,8,13,16,12.0,9.65,19.29,31.42,1,adaptive,False
1770698497.0538156,110.9,50,4.974,16,12,8,14,16,12.01,9.85,20.69,32.32,1,adaptive,False
1770698497.103932,111.9,50,5.337999999999999,20,12,8,14,16,12.23,10.09,21.15,33.22,1,adaptive,False
1770698497.153163,112.9,52,2.5230769230769234,16,12,8,14,18,12.53,10.39,21.740000000000002,20.46,6,adaptive,False
1770698497.199205,113.9,50,2.3720000000000003,12,12,9,14,15,12.83,11.69,22.340000000000003,15.0,6,adaptive,False
1770698497.2429788,114.9,50,2.638,14,12,9,14,15,13.16,11.99,23.04,15.0,6,adaptive,False
1770698497.3200586,115.9,50,2.926,15,12,9,15,14,13.6,12.29,24.740000000000002,14.0,6,adaptive,False
1770698497.3718154,116.9,49,3.2979591836734694,16,12,9,15,13,14.129999999999999,12.59,25.44,13.0,6,adaptive,False
1770698497.4153361,117.9,47,3.778723404255319,16,13,9,15,10,15.73,12.89,26.14,10.0,6,adaptive,False
1770698497.4531116,118.9,47,4.136170212765958,18,13,9,15,10,16.35,13.190000000000001,26.9,10.0,6,adaptive,False
1770698497.5029309,119.9,45,4.72,18,13,9,15,8,17.05,13.49,27.700000000000003,8.0,6,adaptive,False
1770698497.57529,120.9,49,4.702040816326531,18,15,10,16,8,19.75,14.79,29.5,8.0,7,adaptive,False
1770698497.6307433,121.9,49,5.077551020408163,19,15,10,16,8,20.49,15.09,30.3,8.0,7,adaptive,False
1770698497.6902337,122.9,50,5.3580000000000005,20,15,10,17,8,21.29,15.39,32.1,8.01,7,adaptive,False
1770698497.775006,123.9,51,5.662745098039216,21,15,11,17,8,22.09,16.78,32.9,8.11,7,adaptive,False
1770698497.8591495,124.9,51,4.0588235294117645,19,15,11,17,8,22.89,17.19,23.41,8.21,2,adaptive,False
1770698497.9312797,125.9,48,3.2687500000000003,14,15,11,14,8,23.689999999999998,17.69,14.0,8.31,2,adaptive,False
1770698498.0028512,126.9,49,3.5102040816326525,16,16,11,14,8,25.509999999999998,18.28,14.0,8.41,2,adaptive,False
1770698498.0719814,127.9,50,3.76,16,16,11,14,9,26.410000000000004,18.88,14.0,9.51,2,adaptive,False
1770698498.1353595,128.9,48,4.25,16,16,11,11,10,27.310000000000002,19.48,11.0,10.61,2,adaptive,False
1770698498.2055857,129.9,47,4.680851063829787,16,16,11,10,10,28.21,20.08,10.0,10.71,2,adaptive,False
1770698498.2589996,130.9,46,5.1521739130434785,17,16,11,9,10,29.21,20.68,9.0,10.81,2,adaptive,False
1770698498.3033817,131.9,44,5.7727272727272725,17,16,11,7,10,30.21,21.28,7.0,10.91,2,adaptive,False
1770698498.3629453,132.9,43,6.351162790697674,20,16,11,6,10,31.259999999999998,21.880000000000003,6.0,11.17,3,adaptive,False
1770698498.410467,133.9,44,6.661363636363635,20,16,12,6,10,32.36,23.48,6.0,11.47,3,adaptive,False
1770698498.453039,134.9,44,7.129545454545454,21,16,12,6,10,33.46,24.14,6.0,11.77,3,adaptive,False
1770698498.499478,135.9,48,6.972916666666666,21,17,12,7,12,35.56,24.840000000000003,7.0,14.07,3,adaptive,False
1770698498.5519397,136.9,49,5.302040816326531,18,17,12,8,12,36.660000000000004,15.95,8.0,14.370000000000001,4,adaptive,False
1770698498.6033058,137.9,46,5.1173913043478265,16,17,9,8,12,37.84,9.0,8.0,14.7,4,adaptive,False
1770698498.6487021,138.9,47,5.370212765957447,17,17,9,9,12,39.040000000000006,9.0,9.1,15.1,4,adaptive,False
1770698498.7078087,139.9,47,5.751063829787234,18,17,9,9,12,40.24,9.0,9.2,15.59,4,adaptive,False
1770698498.762209,140.9,46,6.267391304347826,18,17,7,10,12,41.44,7.0,10.3,16.09,4,adaptive,False
1770698498.808811,141.9,45,6.806666666666666,18,17,6,10,12,42.64,6.0,10.4,16.59,4,adaptive,False
1770698498.8533633,142.9,44,7.370454545454544,18,17,4,10,13,43.84,4.0,10.5,18.09,4,adaptive,False
1770698498.907936,143.9,44,7.813636363636363,20,17,4,10,13,45.04,4.0,10.65,18.69,4,adaptive,False
1770698498.9531496,144.9,49,7.4387755102040805,21,20,5,11,13,49.239999999999995,5.0,11.92,19.29,5,adaptive,False
1770698499.003333,145.9,50,7.71,21,21,5,11,13,51.44,5.0,12.22,19.89,5,adaptive,False
1770698499.053688,146.9,50,8.143999999999998,23,21,5,11,13,52.69,5.0,12.54,20.490000000000002,5,adaptive,False
1770698499.1033034,147.9,50,8.622,24,21,5,11,13,53.99,5.0,12.94,21.18,5,adaptive,False
1770698499.1530488,148.9,50,9.101999999999999,24,21,5,11,13,55.29,5.0,13.34,21.880000000000003,0,adaptive,False
1770698499.1915634,149.9,47,3.765957446808511,15,18,5,11,13,23.38,5.0,13.74,22.580000000000002,0,adaptive,False
1770698499.2455368,150.9,49,2.738775510204082,11,18,6,11,14,18.0,6.0,14.14,24.28,0,adaptive,False
1770698499.3059392,151.9,50,2.9220000000000006,12,18,6,12,14,18.0,6.0,15.54,25.07,0,adaptive,False
1770698499.353679,152.9,48,3.3000000000000007,13,16,6,12,14,16.0,6.0,15.97,25.870000000000005,0,adaptive,False
1770698499.4031594,153.9,48,3.5875000000000004,14,16,6,12,14,16.0,6.08,16.47,26.67,0,adaptive,False
1770698499.4410014,154.9,49,3.8020408163265307,15,14,7,12,16,14.0,7.19,16.97,29.470000000000002,0,adaptive,False
1770698499.4891498,155.9,48,4.19375,15,13,7,12,16,13.0,7.39,17.47,30.27,0,adaptive,False
1770698499.548767,156.9,46,4.702173913043478,15,11,7,12,16,11.0,7.59,17.97,31.07,0,adaptive,False
1770698499.6029878,157.9,47,4.921276595744681,15,10,7,12,18,10.0,7.79,18.47,33.87,1,adaptive,False
1770698499.6648643,158.9,48,5.13125,15,10,7,13,18,10.0,7.99,19.97,34.67,1,adaptive,False
1770698499.7218828,159.9,48,5.514583333333333,21,10,7,13,18,10.18,8.19,20.5,35.6,1,adaptive,False
1770698499.766501,160.9,49,5.830612244897959,21,10,7,14,18,10.48,8.39,22.1,36.6,1,adaptive,False
1770698499.8222163,161.9,46,2.7,13,10,7,14,15,10.78,8.59,22.700000000000003,16.35,6,adaptive,False
1770698499.8933122,162.9,47,2.5936170212765957,12,11,7,14,15,12.1,8.79,23.3,15.0,6,adaptive,False
1770698499.9650335,163.9,47,2.8489361702127662,12,11,7,14,15,12.5,8.99,23.9,15.0,6,adaptive,False
1770698500.0356994,164.9,46,3.1717391304347826,12,11,8,14,13,12.9,10.19,24.5,13.0,6,adaptive,False
1770698500.1198199,165.9,47,3.3765957446808508,13,11,8,15,13,13.38,10.39,26.1,13.0,6,adaptive,False
1770698500.1854417,166.9,46,3.7456521739130437,14,11,8,16,11,13.88,10.59,27.759999999999998,11.0,6,adaptive,False
1770698500.2394753,167.9,45,4.148888888888889,15,11,8,16,10,14.379999999999999,10.83,28.46,10.0,6,adaptive,False
1770698500.285683,168.9,45,4.482222222222222,15,13,8,16,8,16.88,11.129999999999999,29.16,8.0,6,adaptive,False
1770698500.3358898,169.9,44,4.925,15,13,8,16,7,17.38,11.43,29.86,7.0,7,adaptive,False
1770698500.3895967,170.9,44,5.268181818181818,16,13,8,16,7,17.88,11.73,30.560000000000002,7.01,7,adaptive,False
1770698500.4306803,171.9,45,5.533333333333333,18,14,8,16,7,19.38,12.030000000000001,31.380000000000003,7.11,7,adaptive,False
1770698500.4749198,172.9,47,5.697872340425533,19,14,8,17,8,19.88,12.41,33.28,8.21,7,adaptive,False
1770698500.522999,173.9,47,2.5127659574468084,12,14,8,17,8,20.38,12.81,17.31,8.31,2,adaptive,False
1770698500.5691917,174.9,45,2.795555555555555,11,14,9,14,8,20.96,14.21,14.0,8.41,2,adaptive,False
1770698500.6357172,175.9,45,3.0644444444444447,13,14,9,14,8,21.67,14.61,14.0,8.51,2,adaptive,False
1770698500.6803384,176.9,42,3.6095238095238096,14,14,9,11,8,22.47,15.08,11.0,8.61,2,adaptive,False
1770698500.7246938,177.9,42,3.9428571428571426,14,14,9,11,8,23.270000000000003,15.58,11.0,8.71,2,adaptive,False
1770698500.7691169,178.9,39,4.605128205128205,14,14,9,8,8,24.07,16.08,8.0,8.81,2,adaptive,False
1770698500.821899,179.9,39,5.01025641025641,16,14,9,8,8,24.87,16.67,8.0,9.0,2,adaptive,False
1770698500.8805299,180.9,47,4.497872340425532,16,15,12,9,11,26.67,20.270000000000003,9.0,12.2,2,adaptive,False
1770698500.930831,181.9,47,4.8382978723404255,16,15,12,9,11,27.47,20.87,9.0,12.4,3,adaptive,False
1770698500.9747205,182.9,46,5.291304347826086,16,15,12,8,11,28.27,21.47,8.0,12.6,3,adaptive,False
1770698501.0252006,183.9,46,5.665217391304347,18,15,12,8,11,29.17,22.07,8.0,12.82,3,adaptive,False
1770698501.071784,184.9,46,6.084782608695652,21,15,12,8,11,30.07,22.72,8.02,13.18,3,adaptive,False
1770698501.1247087,185.9,47,4.1191489361702125,15,15,13,8,11,30.97,13.69,8.12,13.58,4,adaptive,False
1770698501.1664941,186.9,44,4.581818181818182,15,15,10,8,11,31.960000000000004,10.0,8.22,13.98,4,adaptive,False
1770698501.2148638,187.9,46,4.708695652173914,15,15,10,9,12,32.96000000000001,10.0,9.32,15.38,4,adaptive,False
1770698501.274698,188.9,43,5.3860465116279075,15,15,7,9,12,33.96000000000001,7.0,9.42,15.780000000000001,4,adaptive,False
1770698501.3275928,189.9,44,5.604545454545455,15,16,7,9,12,35.96000000000001,7.0,9.52,16.18,4,adaptive,False
1770698501.3835952,190.9,43,6.083720930232559,15,16,6,9,12,36.96000000000001,6.0,9.620000000000001,16.580000000000002,4,adaptive,False
1770698501.4268317,191.9,43,6.432558139534884,15,16,6,9,12,37.96000000000001,6.0,9.72,16.98,4,adaptive,False
1770698501.4749699,192.9,45,6.4911111111111115,16,18,6,9,12,40.96000000000001,6.0,9.87,17.380000000000003,4,adaptive,False
1770698501.525193,193.9,45,6.877777777777778,18,18,5,10,12,42.019999999999996,5.0,11.07,17.86,5,adaptive,False
1770698501.5716228,194.9,46,7.119565217391305,18,18,5,11,12,43.120000000000005,5.0,12.27,18.36,5,adaptive,False
1770698501.619332,195.9,48,7.204166666666666,19,18,6,11,13,44.22,6.0,12.5,19.86,5,adaptive,False
1770698501.6646729,196.9,48,7.614583333333333,20,18,6,11,13,45.32,6.0,12.8,20.43,5,adaptive,False
1770698501.7221935,197.9,48,3.7395833333333335,15,18,6,11,13,25.82,6.0,13.1,21.03,0,adaptive,False
1770698501.7696936,198.9,46,2.415217391304348,11,16,6,11,13,16.0,6.0,13.47,21.64,0,adaptive,False
1770698501.8211887,199.9,46,2.6543478260869566,11,16,6,11,13,16.0,6.0,13.870000000000001,22.340000000000003,0,adaptive,False
1770698501.8942776,200.9,44,3.0250000000000004,11,13,6,12,13,13.0,6.0,15.27,23.04,0,adaptive,False
1770698501.966353,201.9,45,3.2266666666666666,13,13,6,13,13,13.0,6.0,16.740000000000002,23.78,0,adaptive,False
1770698502.0395622,202.9,44,3.6159090909090907,14,10,6,13,15,10.0,6.09,17.240000000000002,26.58,0,adaptive,False
1770698502.1089075,203.9,44,3.934090909090909,14,10,6,13,15,10.0,6.19,17.740000000000002,27.380000000000003,0,adaptive,False
1770698502.1766317,204.9,42,4.454761904761905,14,8,6,13,15,8.0,6.29,18.240000000000002,28.18,0,adaptive,False
1770698502.2392144,205.9,43,4.67906976744186,15,6,7,13,17,6.0,7.4,18.740000000000002,30.980000000000004,1,adaptive,False
1770698502.2808025,206.9,43,5.027906976744187,15,6,7,13,17,6.0,7.6,19.240000000000002,31.78,1,adaptive,False
1770698502.321903,207.9,44,5.254545454545455,15,7,7,13,17,7.0,7.8,19.740000000000002,32.58,1,adaptive,False
1770698502.3667405,208.9,45,5.471111111111112,15,7,7,14,17,7.0,8.0,21.240000000000002,33.38,1,adaptive,False
1770698502.4163437,209.9,44,2.6363636363636367,11,7,7,14,16,7.09,8.2,21.79,18.52,6,adaptive,False
1770698502.471904,210.9,44,2.2681818181818185,9,7,8,14,15,7.19,9.4,22.39,15.0,6,adaptive,False
1770698502.530719,211.9,44,2.475,10,7,8,14,15,7.29,9.6,23.0,15.0,6,adaptive,False
1770698502.5805852,212.9,41,2.921951219512195,11,7,8,14,12,7.48,9.8,23.700000000000003,12.0,6,adaptive,False
1770698502.6426666,213.9,41,3.1902439024390246,11,7,8,14,12,7.68,10.0,24.4,12.0,6,adaptive,False
1770698502.6805866,214.9,39,3.658974358974359,12,7,8,14,10,7.88,10.29,25.1,10.0,6,adaptive,False
1770698502.7252395,215.9,38,4.078947368421052,13,7,8,14,9,8.08,10.620000000000001,25.8,9.0,6,adaptive,False
1770698502.767325,216.9,41,4.097560975609756,13,9,10,15,7,10.280000000000001,13.02,27.5,7.0,6,adaptive,False
1770698502.8274915,217.9,44,4.113636363636363,13,11,10,15,8,12.48,13.42,28.200000000000003,8.0,7,adaptive,False
1770698502.8750305,218.9,44,4.443181818181818,15,11,10,15,8,12.68,13.91,28.96,8.0,7,adaptive,False
1770698502.9222372,219.9,44,4.802272727272727,17,11,10,15,8,12.88,14.41,29.77,8.07,7,adaptive,False
1770698502.9662707,220.9,45,5.073333333333333,17,11,10,16,8,13.08,14.91,31.67,8.17,7,adaptive,False
1770698503.014503,221.9,46,2.095652173913044,13,11,10,17,8,13.38,15.41,18.58,8.27,2,adaptive,False
1770698503.0645876,222.9,43,2.130232558139535,11,11,10,14,8,13.780000000000001,15.91,14.0,8.47,2,adaptive,False
1770698503.1304684,223.9,44,2.3318181818181816,11,11,10,15,8,14.18,16.41,15.0,8.67,2,adaptive,False
1770698503.1895406,224.9,44,2.581818181818182,11,11,10,15,8,14.58,16.91,15.0,8.87,2,adaptive,False
1770698503.24881,225.9,45,2.768888888888889,11,12,10,13,10,15.98,17.41,13.0,11.07,2,adaptive,False
1770698503.3087332,226.9,46,2.9478260869565216,11,12,11,13,10,16.380000000000003,18.91,13.0,11.27,2,adaptive,False
1770698503.3630319,227.9,44,3.3568181818181815,13,12,11,11,10,16.86,19.44,11.0,11.47,2,adaptive,False
1770698503.4034066,228.9,42,3.8404761904761906,14,12,11,9,10,17.42,20.04,9.0,11.67,2,adaptive,False
1770698503.448754,229.9,41,4.275609756097562,14,12,11,8,10,18.02,20.64,8.0,11.870000000000001,3,adaptive,False
1770698503.4988372,230.9,41,4.619512195121952,15,12,11,8,10,18.62,21.240000000000002,8.0,12.08,3,adaptive,False
1770698503.5534155,231.9,42,4.878571428571429,16,12,11,8,11,19.22,21.840000000000003,8.05,13.38,3,adaptive,False
1770698503.6022134,232.9,43,5.137209302325582,16,12,11,8,12,19.82,22.44,8.15,14.68,3,adaptive,False
1770698503.6531792,233.9,43,3.6511627906976742,13,12,11,8,12,20.42,15.05,8.25,14.98,4,adaptive,False
1770698503.7005477,234.9,41,3.107317073170732,11,13,8,8,12,22.020000000000003,8.0,8.35,15.370000000000001,4,adaptive,False
1770698503.7586212,235.9,41,3.3756097560975613,11,13,8,8,12,22.62,8.0,8.45,15.77,4,adaptive,False
1770698503.8149624,236.9,42,3.5595238095238093,12,13,9,8,12,23.23,9.0,8.55,16.17,4,adaptive,False
1770698503.8807971,237.9,41,3.9390243902439024,12,13,7,9,12,23.93,7.0,9.65,16.57,4,adaptive,False
1770698503.9395137,238.9,41,4.2317073170731705,12,13,7,9,12,24.630000000000003,7.0,9.75,16.97,4,adaptive,False
1770698504.0089417,239.9,39,4.769230769230769,13,13,5,9,12,25.33,5.0,9.85,17.42,4,adaptive,False
1770698504.0900176,240.9,44,4.5227272727272725,13,15,6,10,13,28.03,6.0,10.95,18.92,4,adaptive,False
1770698504.17505,241.9,43,4.9511627906976745,14,15,5,10,13,28.730000000000004,5.0,11.14,19.419999999999998,5,adaptive,False
1770698504.2391436,242.9,43,5.28139534883721,15,15,5,10,13,29.43,5.0,11.34,19.939999999999998,5,adaptive,False
1770698504.2798529,243.9,44,5.502272727272728,15,16,5,10,13,31.130000000000003,5.0,11.54,20.54,5,adaptive,False
1770698504.3191311,244.9,45,5.717777777777778,16,16,5,11,13,31.830000000000002,5.02,12.74,21.14,5,adaptive,False
1770698504.3720355,245.9,45,3.988888888888889,15,16,5,11,13,23.07,5.2,12.94,21.740000000000002,0,adaptive,False
1770698504.4192414,246.9,43,2.776744186046512,11,13,6,11,13,13.0,6.4,13.14,22.400000000000002,0,adaptive,False
1770698504.4585388,247.9,45,2.908888888888889,12,13,6,11,15,13.0,6.6,13.39,25.1,0,adaptive,False
1770698504.5008132,248.9,45,3.1755555555555555,12,13,6,11,15,13.0,6.8,13.69,25.800000000000004,0,adaptive,False
1770698504.5531728,249.9,43,3.6023255813953488,12,10,6,12,15,10.0,7.0,14.99,26.5,0,adaptive,False
1770698504.6030288,250.9,42,3.973809523809524,12,9,6,12,15,9.0,7.2,15.29,27.200000000000003,0,adaptive,False
1770698504.6392772,251.9,40,4.4725,12,7,6,12,15,7.0,7.4,15.59,27.9,0,adaptive,False
1770698504.6894386,252.9,43,4.446511627906977,13,8,7,13,15,8.0,8.6,16.89,28.630000000000003,0,adaptive,False
1770698504.7353592,253.9,41,5.009756097560976,15,6,7,13,15,6.0,8.8,17.29,29.450000000000003,1,adaptive,False
1770698504.781281,254.9,41,5.3829268292682935,16,6,7,13,15,6.0,9.0,17.69,30.380000000000003,1,adaptive,False
1770698504.835347,255.9,42,5.654761904761905,17,6,7,13,16,6.0,9.280000000000001,18.09,32.38,1,adaptive,False
1770698504.8807168,256.9,42,6.064285714285714,18,6,7,13,16,6.0,9.58,18.509999999999998,33.38,1,adaptive,False
1770698504.9355206,257.9,45,3.8,16,6,8,13,18,6.01,10.88,19.009999999999998,26.200000000000003,6,adaptive,False
1770698504.980599,258.9,42,2.4714285714285715,11,6,8,13,15,6.11,11.18,19.57,15.52,6,adaptive,False
1770698505.0318017,259.9,43,2.525581395348837,10,6,8,14,15,6.21,11.48,21.17,15.0,6,adaptive,False
1770698505.0894623,260.9,44,2.6954545454545453,10,6,8,15,15,6.3100000000000005,11.78,22.77,15.0,6,adaptive,False
1770698505.1357198,261.9,43,2.9906976744186045,10,7,8,15,13,7.41,12.08,23.37,13.0,6,adaptive,False
1770698505.1746998,262.9,43,3.2348837209302324,12,7,8,15,13,7.51,12.379999999999999,24.020000000000003,13.0,6,adaptive,False
1770698505.2161634,263.9,41,3.68780487804878,13,7,8,15,11,7.62,12.68,24.82,11.0,6,adaptive,False
1770698505.2665918,264.9,42,3.9095238095238094,13,9,8,15,10,9.82,12.98,25.62,10.0,6,adaptive,False
1770698505.3163502,265.9,40,4.43,13,9,8,15,8,10.02,13.280000000000001,26.42,8.0,7,adaptive,False
1770698505.355945,266.9,40,4.7675,14,9,8,16,7,10.22,13.629999999999999,28.22,7.0,7,adaptive,False
1770698505.3892288,267.9,41,4.992682926829269,14,9,9,16,7,10.42,15.030000000000001,29.020000000000003,7.0,7,adaptive,False
1770698505.4393773,268.9,41,5.334146341463415,14,9,9,16,7,10.620000000000001,15.43,29.82,7.0,7,adaptive,False
1770698505.4893935,269.9,41,5.7024390243902445,16,9,9,16,7,10.91,15.83,30.64,7.0,2,adaptive,False
1770698505.548768,270.9,44,2.190909090909091,9,10,11,14,9,12.31,18.23,14.0,9.1,2,adaptive,False
1770698505.6034913,271.9,44,2.3954545454545455,9,10,11,14,9,12.71,18.63,14.0,9.2,2,adaptive,False
1770698505.6696167,272.9,44,2.6,9,10,11,14,9,13.11,19.03,14.0,9.3,2,adaptive,False
1770698505.7269852,273.9,42,2.9571428571428573,11,10,11,12,9,13.52,19.43,12.0,9.47,2,adaptive,False
1770698505.780565,274.9,42,3.2190476190476187,11,10,11,12,9,14.02,19.83,12.0,9.67,2,adaptive,False
1770698505.8357928,275.9,40,3.655,11,10,11,10,9,14.52,20.23,10.0,9.87,2,adaptive,False
1770698505.9078448,276.9,38,4.147368421052631,12,10,11,8,9,15.02,20.67,8.0,10.07,2,adaptive,False
1770698505.9803967,277.9,41,4.136585365853659,12,10,12,9,10,15.52,22.17,9.0,11.27,2,adaptive,False
1770698506.0488186,278.9,40,4.54,12,10,12,8,10,16.02,22.67,8.0,11.47,3,adaptive,False
1770698506.1163764,279.9,41,4.748780487804878,14,11,12,8,10,17.52,23.17,8.0,11.780000000000001,3,adaptive,False
1770698506.185803,280.9,43,4.8534883720930235,14,11,12,10,10,18.02,23.67,10.0,12.18,3,adaptive,False
1770698506.239607,281.9,43,5.18139534883721,15,11,12,10,10,18.52,24.18,10.0,12.58,3,adaptive,False
1770698506.2893417,282.9,41,2.726829268292683,11,11,9,10,11,19.1,9.0,10.1,13.98,4,adaptive,False
1770698506.3392847,283.9,41,3.0048780487804883,12,11,9,10,11,19.700000000000003,9.0,10.24,14.379999999999999,4,adaptive,False
1770698506.398636,284.9,41,3.2975609756097564,12,11,9,10,11,20.300000000000004,9.0,10.44,14.78,4,adaptive,False
1770698506.459017,285.9,39,3.7769230769230773,13,11,6,10,12,20.9,6.0,10.65,16.18,4,adaptive,False
1770698506.5058112,286.9,39,4.112820512820513,14,11,6,10,12,21.5,6.0,10.95,16.59,4,adaptive,False
1770698506.5487075,287.9,37,4.713513513513513,14,11,4,10,12,22.1,4.0,11.25,17.09,4,adaptive,False
1770698506.5894196,288.9,43,4.381395348837208,14,14,6,11,12,25.700000000000003,6.0,12.55,17.59,4,adaptive,False
1770698506.6408699,289.9,44,4.6,14,15,6,11,12,27.3,6.0,12.85,18.09,4,adaptive,False
1770698506.7035146,290.9,44,4.929545454545454,15,15,6,11,12,27.9,6.0,13.2,18.59,5,adaptive,False
1770698506.7391322,291.9,44,5.281818181818181,16,15,6,11,12,28.5,6.0,13.6,19.14,5,adaptive,False
1770698506.7892075,292.9,46,5.3999999999999995,16,15,6,11,14,29.1,6.0,14.0,21.74,5,adaptive,False
1770698506.8356292,293.9,46,5.747826086956521,16,15,6,11,14,29.700000000000003,6.0,14.4,22.34,5,adaptive,False
1770698506.8855832,294.9,46,2.769565217391304,10,15,6,11,14,15.0,6.0,14.8,22.939999999999998,0,adaptive,False
1770698506.9356678,295.9,44,3.122727272727272,10,12,6,12,14,12.0,6.0,16.2,23.54,0,adaptive,False
1770698506.9846745,296.9,44,3.3818181818181814,12,12,6,12,14,12.0,6.08,16.6,24.2,0,adaptive,False
1770698507.0718086,297.9,42,3.838095238095238,13,10,6,12,14,10.0,6.18,17.04,24.9,0,adaptive,False
1770698507.1165967,298.9,43,4.051162790697674,13,10,7,12,14,10.0,7.28,17.54,25.6,0,adaptive,False
1770698507.152946,299.9,40,4.68,13,7,7,12,14,7.0,7.38,18.04,26.299999999999997,0,adaptive,False
1770698507.2035325,300.9,44,4.5636363636363635,14,8,8,13,15,8.0,8.54,19.54,28.0,0,adaptive,False
1770698507.2587438,301.9,43,5.0093023255813955,15,7,8,13,15,7.0,8.74,20.04,28.759999999999998,0,adaptive,False
1770698507.3164167,302.9,44,5.243181818181818,16,7,8,14,15,7.0,8.94,21.54,29.590000000000003,1,adaptive,False
1770698507.3586159,303.9,43,5.7372093023255815,16,6,8,14,15,6.0,9.14,22.04,30.490000000000002,1,adaptive,False
1770698507.4147604,304.9,44,5.970454545454547,16,6,8,15,15,6.0,9.34,23.54,31.39,1,adaptive,False
1770698507.466958,305.9,44,6.345454545454547,17,6,8,15,15,6.0,9.54,24.090000000000003,32.290000000000006,1,adaptive,False
1770698507.516771,306.9,45,3.2222222222222223,12,7,8,15,15,7.0,9.81,24.69,18.0,6,adaptive,False
1770698507.5667052,307.9,43,2.8976744186046512,10,7,8,15,13,7.0,10.11,25.35,13.0,6,adaptive,False
1770698507.6194704,308.9,46,2.926086956521739,10,7,9,15,15,7.0,11.41,26.05,15.0,6,adaptive,False
1770698507.6854746,309.9,45,3.2511111111111113,13,7,9,16,13,7.0,11.780000000000001,27.85,13.0,6,adaptive,False
1770698507.7486732,310.9,44,3.6204545454545456,13,7,9,16,12,7.0,12.18,28.75,12.0,6,adaptive,False
1770698507.7987556,311.9,42,4.102380952380953,13,7,9,16,10,7.0,12.58,29.65,10.0,6,adaptive,False
1770698507.869334,312.9,44,4.211363636363637,13,9,9,16,10,9.0,12.98,30.55,10.0,6,adaptive,False
1770698507.9219522,313.9,43,4.616279069767442,14,9,9,16,9,9.0,13.38,31.450000000000003,9.02,0,adaptive,True
1770698507.9337332,314.9,43,4.962790697674419,17,9,9,16,9,9.0,13.81,32.39,9.14,0,adaptive,True
1770698507.952195,315.9,47,4.902127659574468,17,10,9,17,11,10.0,14.31,34.39,11.34,0,adaptive,True
1770698507.964832,316.9,47,5.274468085106383,18,9,9,18,11,9.0,14.81,36.39,11.59,0,adaptive,True
1770698507.979113,317.9,47,5.657446808510638,18,9,9,18,11,9.0,15.31,37.39,11.89,0,adaptive,True
1770698507.989401,318.9,48,5.914583333333333,18,9,10,18,11,9.0,16.81,38.39,12.19,0,adaptive,True
1770698508.0059664,319.9,47,6.440425531914894,19,8,10,18,11,8.0,17.31,39.47,12.49,0,adaptive,True
1770698508.0247498,320.9,48,6.702083333333333,19,8,10,19,11,8.0,17.81,41.57000000000001,12.79,0,adaptive,True
1770698508.0377502,321.9,48,7.1000000000000005,20,8,10,19,11,8.0,18.310000000000002,42.67,13.1,0,adaptive,True
1770698508.0536842,322.9,49,7.363265306122449,20,8,10,19,12,8.0,18.810000000000002,43.77,14.5,0,adaptive,True
1770698508.068853,323.9,49,7.771428571428573,20,8,10,19,12,8.0,19.310000000000002,44.870000000000005,14.9,0,adaptive,True
1770698508.084053,324.9,51,7.858823529411766,20,8,11,20,12,8.0,20.810000000000002,46.970000000000006,15.3,0,adaptive,True
1770698508.1033497,325.9,49,8.589795918367347,21,6,11,20,12,6.0,21.310000000000002,48.08,15.7,0,adaptive,True
1770698508.1163173,326.9,49,9.018367346938774,21,6,11,20,12,6.0,21.810000000000002,49.28,16.1,0,adaptive,True
1770698508.1310017,327.9,48,9.647916666666667,22,5,11,20,12,5.0,22.33,50.480000000000004,16.5,0,adaptive,True
1770698508.1394029,328.9,48,10.114583333333334,23,5,11,20,12,5.0,22.97,51.68000000000001,16.9,0,adaptive,True
1770698508.157444,329.9,49,10.377551020408163,23,5,12,20,12,5.0,24.67,52.88,17.3,0,adaptive,True
1770698508.174793,330.9,51,10.437254901960786,24,5,13,20,13,5.0,26.370000000000005,54.160000000000004,18.7,0,adaptive,True
1770698508.1893487,331.9,52,10.715384615384616,25,5,13,21,13,5.0,27.07,56.550000000000004,19.1,0,adaptive,True
1770698508.2030284,332.9,53,6.2320754716981135,20,5,13,22,13,5.0,27.870000000000005,33.660000000000004,19.5,0,adaptive,True
1770698508.2167566,333.9,51,4.576470588235294,15,6,13,19,13,6.0,28.67,19.67,20.0,0,adaptive,True
1770698508.2279396,334.9,52,4.617307692307692,14,6,13,19,14,6.0,29.470000000000002,19.0,21.54,0,adaptive,True
1770698508.2437184,335.9,52,4.888461538461538,15,6,13,19,14,6.01,30.27,19.0,22.14,0,adaptive,True
1770698508.2531624,336.9,51,5.2784313725490195,15,8,13,16,14,8.11,31.07,16.0,22.740000000000002,0,adaptive,True
1770698508.259279,337.9,51,5.572549019607843,15,8,13,14,16,8.21,31.87,14.0,25.34,0,adaptive,True
1770698508.2916043,338.9,52,5.753846153846155,15,8,13,15,16,8.31,32.67,15.0,25.94,1,adaptive,False
1770698508.330424,339.9,53,5.947169811320755,17,8,14,15,16,8.41,34.53,15.04,26.54,1,adaptive,False
1770698508.3856518,340.9,54,6.187037037037038,21,8,14,16,16,8.53,35.43000000000001,16.29,27.160000000000004,1,adaptive,False
1770698508.4354832,341.9,54,6.575925925925926,21,8,14,16,16,8.73,36.33,16.59,27.86,1,adaptive,False
1770698508.4854803,342.9,55,3.141818181818182,15,9,14,16,16,9.93,16.9,16.89,28.560000000000002,4,adaptive,False
1770698508.5307584,343.9,52,3.0288461538461537,14,9,11,16,16,10.13,11.0,17.29,29.330000000000002,4,adaptive,False
1770698508.575603,344.9,52,3.3423076923076924,18,9,11,16,16,10.35,11.0,17.9,30.130000000000003,4,adaptive,False
1770698508.6356525,345.9,54,3.588888888888889,20,9,11,17,17,10.75,11.0,19.6,32.03,4,adaptive,False
1770698508.685824,346.9,51,4.2176470588235295,22,9,8,17,17,11.15,8.0,20.4,32.96,4,adaptive,False
1770698508.736235,347.9,49,4.838775510204082,22,9,6,17,17,11.55,6.0,21.2,33.96000000000001,4,adaptive,False
1770698508.7749958,348.9,49,5.2877551020408164,22,9,6,17,17,11.95,6.0,22.0,34.96000000000001,4,adaptive,False
1770698508.8222463,349.9,49,5.755102040816326,23,9,6,17,17,12.35,6.0,22.8,36.05,4,adaptive,False
1770698508.8894541,350.9,48,6.372916666666666,24,9,5,17,17,12.75,5.0,23.69,37.150000000000006,5,adaptive,False
1770698508.9305801,351.9,49,6.73469387755102,25,10,5,17,17,14.15,5.0,24.6,38.25,5,adaptive,False
1770698508.9749382,352.9,50,7.1,25,10,4,18,18,14.55,4.0,26.6,40.35,5,adaptive,False
1770698509.0248523,353.9,50,7.638,27,10,4,18,18,14.95,4.0,27.700000000000003,41.54,5,adaptive,False
1770698509.076888,354.9,50,7.28,24,10,4,18,18,15.350000000000001,4.0,24.310000000000002,42.739999999999995,2,adaptive,False
1770698509.1305697,355.9,47,6.829787234042553,17,10,4,15,18,15.75,4.0,15.41,43.94,2,adaptive,False
1770698509.1747344,356.9,47,7.095744680851064,17,10,4,15,18,16.15,4.06,15.0,45.14,2,adaptive,False
1770698509.2192583,357.9,47,7.4787234042553195,18,10,4,15,18,16.65,4.16,15.0,46.34,2,adaptive,False
1770698509.2748125,358.9,45,8.21111111111111,18,10,4,13,18,17.15,4.26,13.0,47.54,2,adaptive,False
1770698509.3256495,359.9,43,9.011627906976743,18,10,4,11,18,17.65,4.36,11.0,48.739999999999995,2,adaptive,False
1770698509.3748686,360.9,55,7.390909090909091,19,13,8,13,21,21.15,8.56,13.0,52.94,2,adaptive,False
1770698509.4220378,361.9,56,7.603571428571428,20,14,8,12,22,22.65,8.76,12.0,55.17,2,adaptive,False
1770698509.480543,362.9,54,8.255555555555555,20,14,8,10,22,23.15,8.96,10.0,56.47,3,adaptive,False
1770698509.5358071,363.9,54,8.635185185185184,21,14,8,10,22,23.700000000000003,9.16,10.0,57.77,3,adaptive,False
1770698509.5896084,364.9,54,9.024074074074074,21,14,8,10,22,24.3,9.36,10.0,59.07,3,adaptive,False
1770698509.6390488,365.9,54,9.446296296296296,24,14,8,10,22,24.9,9.56,10.02,60.53,3,adaptive,False
1770698509.7087102,366.9,53,7.160377358490566,23,14,8,10,21,25.58,9.76,10.17,45.44,6,adaptive,False
1770698509.7628415,367.9,53,3.745283018867924,17,14,8,11,20,26.310000000000002,9.96,11.37,25.21,6,adaptive,False
1770698509.8198314,368.9,53,2.9886792452830186,12,14,8,11,20,27.11,10.16,11.57,20.0,6,adaptive,False
1770698509.8857362,369.9,54,3.1685185185185185,13,15,8,11,20,28.91,10.36,11.84,20.0,6,adaptive,False
1770698509.9621148,370.9,52,3.5461538461538464,14,15,9,11,17,29.71,11.59,12.14,17.0,6,adaptive,False
1770698510.0357156,371.9,50,3.968,14,15,9,11,15,30.509999999999998,11.89,12.44,15.0,6,adaptive,False
1770698510.1088977,372.9,49,4.334693877551021,14,15,9,11,14,31.310000000000002,12.190000000000001,12.74,14.0,6,adaptive,False
1770698510.180636,373.9,47,4.851063829787234,16,15,9,11,12,32.21000000000001,12.49,13.1,12.0,6,adaptive,False
1770698510.253492,374.9,47,5.1914893617021285,16,15,9,12,11,33.11,12.790000000000001,14.5,11.0,7,adaptive,False
1770698510.3033261,375.9,46,5.6521739130434785,16,15,9,12,10,34.010000000000005,13.09,14.9,10.0,7,adaptive,False
1770698510.36641,376.9,46,6.0,16,15,9,12,10,34.910000000000004,13.39,15.3,10.0,7,adaptive,False
1770698510.4149263,377.9,46,6.358695652173913,17,15,9,12,10,35.81,13.690000000000001,15.7,10.05,7,adaptive,False
1770698510.4648411,378.9,47,4.227659574468085,15,16,9,12,10,26.58,13.990000000000002,16.1,10.2,0,adaptive,False
1770698510.5084841,379.9,44,2.6295454545454544,12,13,9,12,10,14.23,14.290000000000001,16.57,10.48,0,adaptive,False
1770698510.579006,380.9,46,2.493478260869565,12,13,10,13,10,13.0,15.620000000000001,18.07,10.78,0,adaptive,False
1770698510.6315608,381.9,47,2.695744680851064,12,13,10,14,10,13.0,16.02,19.57,11.08,0,adaptive,False
1770698510.6883025,382.9,46,3.0152173913043483,12,10,10,14,12,10.0,16.42,20.07,13.38,0,adaptive,False
1770698510.7315552,383.9,46,3.276086956521739,12,10,10,14,12,10.0,16.82,20.57,13.68,0,adaptive,False
1770698510.7833195,384.9,45,3.626666666666667,14,9,10,14,12,9.0,17.22,21.11,13.99,0,adaptive,False
1770698510.8396926,385.9,45,3.9377777777777783,14,8,10,14,13,8.0,17.62,21.71,15.39,0,adaptive,False
1770698510.8945684,386.9,44,4.345454545454545,14,7,10,14,13,7.0,18.02,22.310000000000002,15.790000000000001,1,adaptive,False
1770698510.9393106,387.9,46,4.460869565217391,14,8,10,15,13,8.0,18.42,23.91,16.19,1,adaptive,False
1770698510.9894528,388.9,47,4.723404255319149,19,8,10,16,13,8.02,18.96,25.630000000000003,16.59,1,adaptive,False
1770698511.0392416,389.9,47,5.127659574468086,19,8,10,16,13,8.12,19.560000000000002,26.43,16.990000000000002,1,adaptive,False
1770698511.1030235,390.9,50,5.2,19,8,12,16,14,8.22,22.16,27.230000000000004,18.39,2,adaptive,False
1770698511.1536884,391.9,48,3.30625,11,8,12,14,14,8.32,22.759999999999998,14.0,18.79,2,adaptive,False
1770698511.2040856,392.9,47,3.625531914893617,12,8,12,13,14,8.49,23.36,13.0,19.19,2,adaptive,False
1770698511.2700915,393.9,47,3.8808510638297875,12,8,12,13,14,8.69,23.96,13.0,19.59,2,adaptive,False
1770698511.3249953,394.9,45,4.326666666666667,13,8,12,11,14,8.89,24.590000000000003,11.0,19.990000000000002,2,adaptive,False
1770698511.3750155,395.9,45,4.615555555555556,13,8,12,11,14,9.09,25.29,11.0,20.39,2,adaptive,False
1770698511.430391,396.9,46,4.8500000000000005,16,9,13,10,14,10.29,27.05,10.0,20.97,2,adaptive,False
1770698511.4748073,397.9,46,5.217391304347826,17,9,13,9,15,10.49,27.85,9.0,22.66,2,adaptive,False
1770698511.5246544,398.9,45,5.726666666666667,19,9,13,8,15,10.76,28.65,8.0,23.36,2,adaptive,False
1770698511.5751715,399.9,44,6.290909090909091,20,9,13,7,15,11.16,29.45,7.0,24.07,3,adaptive,False
1770698511.6248631,400.9,45,6.611111111111111,21,9,13,8,15,11.56,30.25,8.0,24.94,3,adaptive,False
1770698511.6811068,401.9,46,6.928260869565217,22,9,14,8,15,11.96,32.05,8.02,25.840000000000003,3,adaptive,False
1770698511.735466,402.9,46,7.406521739130435,22,9,14,8,15,12.36,32.85,8.12,26.740000000000002,3,adaptive,False
1770698511.7892761,403.9,44,3.777272727272727,14,9,11,9,15,12.76,11.0,9.22,27.64,4,adaptive,False
1770698511.8556964,404.9,44,4.095454545454546,14,9,11,9,15,13.16,11.0,9.32,28.54,4,adaptive,False
1770698511.939487,405.9,48,4.08125,16,10,11,10,17,14.56,11.0,10.51,31.52,4,adaptive,False
1770698512.016873,406.9,46,4.606521739130434,16,10,9,10,17,14.96,9.0,10.71,32.519999999999996,4,adaptive,False
1770698512.0942605,407.9,45,5.064444444444444,16,10,8,10,17,15.36,8.0,10.91,33.519999999999996,4,adaptive,False
1770698512.153313,408.9,45,5.42,16,12,6,10,17,17.76,6.0,11.11,34.519999999999996,4,adaptive,False
1770698512.2248302,409.9,45,5.775555555555555,16,12,6,10,17,18.16,6.0,11.31,35.519999999999996,4,adaptive,False
1770698512.2770941,410.9,44,6.286363636363635,17,12,4,11,17,18.63,4.0,12.51,36.519999999999996,4,adaptive,False
1770698512.3335125,411.9,47,6.28936170212766,20,12,5,11,19,19.15,5.0,12.81,39.6,5,adaptive,False
1770698512.3806818,412.9,48,6.575,20,12,5,11,20,19.75,5.0,13.11,41.7,5,adaptive,False
1770698512.4248607,413.9,48,7.0,22,12,5,11,20,20.35,5.0,13.41,42.84,5,adaptive,False
1770698512.4749348,414.9,49,7.3061224489795915,22,13,5,11,20,21.950000000000003,5.0,13.71,44.14,5,adaptive,False
1770698512.5357995,415.9,50,3.13,13,13,5,12,20,22.55,5.0,15.01,23.09,6,adaptive,False
1770698512.5818903,416.9,47,2.9361702127659575,11,13,5,12,17,23.15,5.0,15.32,17.33,6,adaptive,False
1770698512.6218722,417.9,48,3.039583333333334,12,13,5,13,17,23.830000000000002,5.04,16.72,17.0,6,adaptive,False
1770698512.6691492,418.9,45,3.50888888888889,12,13,5,13,14,24.53,5.14,17.12,14.0,6,adaptive,False
1770698512.7165565,419.9,45,3.7844444444444445,13,13,5,13,14,25.230000000000004,5.28,17.52,14.0,6,adaptive,False
1770698512.7808204,420.9,46,4.006521739130435,14,13,6,14,13,25.93,6.48,19.02,13.0,6,adaptive,False
1770698512.8331776,421.9,46,4.310869565217391,14,13,7,14,12,26.630000000000003,7.68,19.52,12.0,6,adaptive,False
1770698512.8804543,422.9,44,4.8545454545454545,17,13,7,14,10,27.340000000000003,7.970000000000001,20.05,10.0,6,adaptive,False
1770698512.9363863,423.9,44,5.240909090909091,17,14,7,14,9,29.14,8.27,20.65,9.0,7,adaptive,False
1770698512.9749088,424.9,45,5.502222222222222,17,14,7,15,9,29.94,8.57,22.25,9.0,7,adaptive,False
1770698513.0216768,425.9,45,5.891111111111112,18,14,7,15,9,30.740000000000002,8.870000000000001,22.85,9.05,7,adaptive,False
1770698513.0665705,426.9,45,6.295555555555556,19,14,7,15,9,31.540000000000003,9.17,23.450000000000003,9.17,7,adaptive,False
1770698513.122079,427.9,47,2.9829787234042553,13,14,7,15,11,16.13,9.47,24.05,11.37,0,adaptive,False
1770698513.1585245,428.9,44,2.9522727272727276,11,11,7,15,11,11.0,9.77,24.65,11.57,0,adaptive,False
1770698513.2030659,429.9,44,3.2204545454545452,12,11,7,15,11,11.0,10.07,25.25,11.85,0,adaptive,False
1770698513.2753136,430.9,42,3.6595238095238094,12,9,7,15,11,9.0,10.370000000000001,25.85,12.15,0,adaptive,False
1770698513.3307633,431.9,41,4.051219512195122,13,8,7,15,11,8.0,10.67,26.490000000000002,12.45,0,adaptive,False
1770698513.381411,432.9,45,3.9800000000000004,13,9,9,16,11,9.0,12.97,28.19,12.75,0,adaptive,False
1770698513.4334173,433.9,46,4.176086956521739,13,10,9,16,11,10.0,13.27,28.89,13.05,0,adaptive,False
1770698513.4856262,434.9,43,4.809302325581395,15,7,9,16,11,7.0,13.649999999999999,29.68,13.35,0,adaptive,False
1770698513.5399373,435.9,44,5.052272727272728,16,7,9,16,12,7.0,14.05,30.480000000000004,14.7,1,adaptive,False
1770698513.5855405,436.9,44,5.415909090909091,16,7,9,16,12,7.0,14.45,31.28,15.1,1,adaptive,False
1770698513.6304524,437.9,45,5.666666666666667,17,7,9,16,13,7.0,14.85,32.150000000000006,16.5,1,adaptive,False
1770698513.6748483,438.9,45,6.075555555555555,19,7,9,16,13,7.0,15.25,33.14,16.95,1,adaptive,False
1770698513.7364256,439.9,46,3.0804347826086955,14,7,9,17,13,7.0,15.65,20.05,17.47,2,adaptive,False
1770698513.8166792,440.9,44,2.768181818181818,11,7,9,15,13,7.06,16.05,15.0,18.07,2,adaptive,False
1770698513.8895879,441.9,45,2.9644444444444447,12,8,9,15,13,8.22,16.45,15.0,18.67,2,adaptive,False
1770698513.9579115,442.9,44,3.3045454545454547,12,8,10,12,14,8.42,17.85,12.0,20.27,2,adaptive,False
1770698514.0249631,443.9,45,3.497777777777778,12,8,10,13,14,8.620000000000001,18.25,13.0,20.87,2,adaptive,False
1770698514.0920446,444.9,42,4.033333333333333,12,8,10,10,14,8.82,18.65,10.0,21.47,2,adaptive,False
1770698514.166737,445.9,42,4.3428571428571425,14,8,10,10,14,9.02,19.119999999999997,10.0,22.1,2,adaptive,False
1770698514.2394388,446.9,42,4.676190476190476,14,8,10,10,14,9.22,19.619999999999997,10.0,22.8,2,adaptive,False
1770698514.299011,447.9,39,5.394871794871796,14,8,10,7,14,9.42,20.120000000000005,7.0,23.5,3,adaptive,False
1770698514.3393838,448.9,39,5.7615384615384615,15,8,10,7,14,9.620000000000001,20.65,7.0,24.200000000000003,3,adaptive,False
1770698514.3897457,449.9,39,6.166666666666667,16,8,10,7,14,9.82,21.25,7.0,24.98,3,adaptive,False
1770698514.4587133,450.9,45,5.72,18,9,12,8,16,11.02,23.85,8.02,27.85,3,adaptive,False
1770698514.5063286,451.9,45,3.4266666666666663,13,9,12,8,16,11.22,12.33,8.12,28.75,4,adaptive,False
1770698514.548986,452.9,43,3.788372093023256,12,9,10,8,16,11.42,10.0,8.22,29.65,4,adaptive,False
1770698514.597496,453.9,44,3.975,12,9,10,9,16,11.620000000000001,10.0,9.32,30.55,4,adaptive,False
1770698514.6647632,454.9,41,4.560975609756097,13,9,7,9,16,11.83,7.0,9.42,31.450000000000003,4,adaptive,False
1770698514.708708,455.9,41,4.878048780487805,13,9,7,9,16,12.129999999999999,7.0,9.52,32.35,4,adaptive,False
1770698514.7579184,456.9,42,5.071428571428571,13,11,6,9,16,14.43,6.0,9.620000000000001,33.25,4,adaptive,False
1770698514.8031137,457.9,43,5.276744186046511,14,11,6,9,17,14.73,6.0,9.81,35.150000000000006,4,adaptive,False
1770698514.853508,458.9,43,5.602325581395349,14,11,6,9,17,15.030000000000001,6.0,10.01,36.05,4,adaptive,False
1770698514.916465,459.9,44,5.8113636363636365,15,12,6,9,17,16.41,6.0,10.21,36.95,5,adaptive,False
1770698514.966402,460.9,46,5.884782608695652,15,12,6,11,17,16.810000000000002,6.0,12.41,37.85,5,adaptive,False
1770698515.008867,461.9,46,6.221739130434782,16,12,6,11,17,17.21,6.0,12.61,38.8,5,adaptive,False
1770698515.0588634,462.9,49,6.181632653061224,17,12,7,11,19,17.68,7.0,12.81,41.8,5,adaptive,False
1770698515.1084929,463.9,49,2.810204081632653,12,12,7,11,19,18.18,7.0,13.01,24.58,6,adaptive,False
1770698515.1589003,464.9,46,1.932608695652174,7,12,7,11,16,18.68,7.0,13.21,16.0,6,adaptive,False
1770698515.2074528,465.9,47,2.072340425531915,11,12,7,11,17,19.21,7.04,13.49,17.0,6,adaptive,False
1770698515.253311,466.9,47,2.3063829787234043,11,12,7,11,17,19.81,7.24,13.79,17.0,6,adaptive,False
1770698515.3085546,467.9,44,2.7295454545454545,12,12,7,11,14,20.410000000000004,7.51,14.09,14.0,6,adaptive,False
1770698515.358827,468.9,44,3.002272727272727,12,13,8,12,11,22.01,8.81,15.39,11.0,6,adaptive,False
1770698515.4035258,469.9,44,3.290909090909091,13,13,8,12,11,22.61,9.11,15.76,11.0,6,adaptive,False
1770698515.4488025,470.9,43,3.6837209302325578,14,13,8,13,9,23.21,9.41,17.22,9.0,6,adaptive,False
1770698515.498853,471.9,42,4.104761904761904,14,13,8,13,8,23.810000000000002,9.71,17.72,8.0,7,adaptive,False
1770698515.5489604,472.9,43,4.334883720930232,14,13,8,13,9,24.41,10.01,18.22,9.0,7,adaptive,False
1770698515.5926914,473.9,44,4.572727272727272,15,13,9,13,9,25.009999999999998,11.31,18.8,9.0,7,adaptive,False
1770698515.6400046,474.9,44,4.913636363636363,15,13,9,13,9,25.61,11.61,19.4,9.0,7,adaptive,False
1770698515.689333,475.9,45,3.2244444444444436,14,13,9,14,9,17.53,11.91,21.0,9.07,0,adaptive,False
1770698515.7374694,476.9,42,2.6333333333333333,12,10,9,14,9,10.0,12.209999999999999,21.62,9.23,0,adaptive,False
1770698515.789814,477.9,43,2.851162790697674,12,11,9,14,9,11.0,12.51,22.32,9.43,0,adaptive,False
1770698515.85856,478.9,43,3.130232558139535,12,11,9,14,9,11.0,12.809999999999999,23.02,9.63,0,adaptive,False
1770698515.9219525,479.9,40,3.6725000000000003,13,8,9,14,9,8.0,13.14,23.72,9.83,0,adaptive,False
1770698515.9987502,480.9,45,3.5933333333333333,15,10,10,15,10,10.0,14.620000000000001,25.42,11.13,0,adaptive,False
1770698516.0607812,481.9,44,4.015909090909091,15,9,10,15,10,9.0,15.120000000000001,26.119999999999997,11.43,0,adaptive,False
1770698516.1251261,482.9,44,4.356818181818183,15,8,10,16,10,8.0,15.620000000000001,27.82,11.73,0,adaptive,False
1770698516.199444,483.9,44,4.702272727272728,16,7,11,16,10,7.0,17.12,28.54,12.03,1,adaptive,False
1770698516.2666888,484.9,43,5.193023255813954,17,6,11,16,10,6.0,17.62,29.380000000000003,12.33,1,adaptive,False
1770698516.3083446,485.9,43,5.602325581395349,18,6,11,16,10,6.0,18.18,30.28,12.629999999999999,1,adaptive,False
1770698516.3533792,486.9,44,5.911363636363637,20,7,11,16,10,7.12,18.78,31.18,12.93,1,adaptive,False
1770698516.4085958,487.9,45,4.295555555555556,17,7,11,16,11,7.32,19.380000000000003,23.4,14.23,2,adaptive,False
1770698516.4532273,488.9,43,3.0302325581395353,11,7,11,13,12,7.52,19.980000000000004,13.0,15.53,2,adaptive,False
1770698516.502092,489.9,44,3.227272727272727,12,7,11,14,12,7.72,20.580000000000002,14.0,15.9,2,adaptive,False
1770698516.5585468,490.9,44,3.5,12,7,11,14,12,7.92,21.18,14.0,16.3,2,adaptive,False
1770698516.6084876,491.9,41,4.048780487804878,12,7,11,11,12,8.12,21.78,11.0,16.7,2,adaptive,False
1770698516.6530452,492.9,40,4.45,12,7,11,10,12,8.32,22.380000000000003,10.0,17.1,2,adaptive,False
1770698516.6956072,493.9,39,4.871794871794871,12,7,12,8,12,8.52,23.980000000000004,8.0,17.5,2,adaptive,False
1770698516.735456,494.9,38,5.315789473684211,12,7,12,7,12,8.72,24.580000000000002,7.0,17.9,2,adaptive,False
1770698516.7857065,495.9,41,5.229268292682926,13,8,12,7,14,9.92,25.22,7.0,20.3,3,adaptive,False
1770698516.8306248,496.9,41,5.546341463414634,13,8,12,7,14,10.120000000000001,25.92,7.0,20.7,3,adaptive,False
1770698516.8749478,497.9,41,5.873170731707317,14,8,12,7,14,10.32,26.619999999999997,7.0,21.14,3,adaptive,False
1770698516.9219701,498.9,42,6.102380952380951,16,8,12,8,14,10.620000000000001,27.32,8.0,21.69,3,adaptive,False
1770698516.9667609,499.9,42,4.076190476190477,13,8,12,8,14,10.92,17.91,8.0,22.29,4,adaptive,False
1770698517.011218,500.9,40,3.0300000000000002,10,8,9,9,14,11.22,9.0,9.0,22.9,4,adaptive,False
1770698517.0580807,501.9,40,3.285,11,8,9,9,14,11.52,9.0,9.02,23.6,4,adaptive,False
1770698517.0987806,502.9,41,3.480487804878049,12,8,9,9,15,11.82,9.0,9.12,25.330000000000002,4,adaptive,False
1770698517.1395075,503.9,39,3.9769230769230774,13,8,7,9,15,12.120000000000001,7.0,9.22,26.17,4,adaptive,False
1770698517.2037637,504.9,44,3.8204545454545458,13,11,8,10,15,15.420000000000002,8.0,10.32,27.07,4,adaptive,False
1770698517.2664385,505.9,43,4.211627906976744,13,12,6,10,15,16.72,6.0,10.42,27.97,4,adaptive,False
1770698517.3093357,506.9,43,4.527906976744186,14,12,6,10,15,17.02,6.0,10.58,28.869999999999997,4,adaptive,False
1770698517.3581696,507.9,41,5.090243902439024,14,12,4,10,15,17.32,4.0,10.78,29.77,5,adaptive,False
1770698517.3988948,508.9,41,5.448780487804878,15,12,4,10,15,17.69,4.0,10.98,30.67,5,adaptive,False
1770698517.4392803,509.9,41,5.814634146341463,15,12,4,10,15,18.09,4.0,11.18,31.57,5,adaptive,False
1770698517.4994588,510.9,43,5.916279069767443,16,12,5,10,16,18.490000000000002,5.0,11.48,33.47,5,adaptive,False
1770698517.5489519,511.9,44,6.175,18,12,5,11,16,18.94,5.0,12.78,34.45,6,adaptive,False
1770698517.5944984,512.9,41,2.551219512195122,9,12,5,11,13,19.44,5.0,13.08,13.94,6,adaptive,False
1770698517.6355982,513.9,42,2.4761904761904763,9,13,5,11,13,21.020000000000003,5.0,13.379999999999999,13.0,6,adaptive,False
1770698517.690627,514.9,45,2.522222222222222,10,13,6,11,15,21.62,6.0,13.73,15.0,6,adaptive,False
1770698517.7529302,515.9,43,2.872093023255814,10,13,6,11,13,22.22,6.0,14.129999999999999,13.0,6,adaptive,False
1770698517.8034742,516.9,42,3.2047619047619045,12,13,6,11,12,22.82,6.11,14.53,12.0,6,adaptive,False
1770698517.8586571,517.9,42,3.526190476190476,14,13,6,11,12,23.5,6.3100000000000005,15.0,12.0,6,adaptive,False
1770698517.9272432,518.9,43,3.769767441860465,14,13,6,12,12,24.200000000000003,6.51,16.5,12.0,6,adaptive,False
1770698518.0010064,519.9,41,4.295121951219512,14,13,6,12,10,24.9,6.71,17.0,10.0,6,adaptive,False
1770698518.0870395,520.9,41,4.636585365853659,14,13,6,13,9,25.6,6.91,18.5,9.0,7,adaptive,False
1770698518.1588387,521.9,41,4.978048780487804,14,13,6,13,9,26.3,7.11,19.0,9.0,7,adaptive,False
1770698518.216259,522.9,42,5.2,15,14,6,13,9,28.0,7.3100000000000005,19.5,9.03,7,adaptive,False
1770698518.2668188,523.9,42,5.566666666666666,16,14,6,13,9,28.700000000000003,7.51,20.0,9.17,7,adaptive,False
1770698518.310633,524.9,40,2.395,9,11,7,13,9,11.0,8.71,20.5,9.37,0,adaptive,False
1770698518.3647428,525.9,42,2.4952380952380953,9,11,7,14,10,11.0,8.91,22.0,10.57,0,adaptive,False
1770698518.4193466,526.9,43,2.6465116279069765,9,11,7,15,10,11.0,9.11,23.5,10.77,0,adaptive,False
1770698518.4989347,527.9,40,3.0725,10,8,7,15,10,8.0,9.31,24.0,10.98,0,adaptive,False
1770698518.553533,528.9,41,3.2804878048780486,12,9,7,15,10,9.0,9.59,24.58,11.280000000000001,0,adaptive,False
1770698518.5892682,529.9,40,3.6625,12,8,7,15,10,8.0,9.89,25.18,11.58,0,adaptive,False
1770698518.6392653,530.9,40,3.9625,12,8,7,15,10,8.0,10.190000000000001,25.78,11.88,0,adaptive,False
1770698518.6857622,531.9,41,4.182926829268293,14,9,7,15,10,9.0,10.49,26.480000000000004,12.18,0,adaptive,False
1770698518.730685,532.9,43,4.313953488372094,14,9,7,16,11,9.0,10.79,28.28,13.48,1,adaptive,False
1770698518.774724,533.9,43,4.644186046511628,15,9,7,16,11,9.0,11.09,29.1,13.78,1,adaptive,False
1770698518.816427,534.9,44,4.879545454545454,15,9,8,16,11,9.0,12.39,30.0,14.08,1,adaptive,False
1770698518.8695552,535.9,44,5.279545454545455,18,9,8,16,11,9.16,12.690000000000001,30.9,14.48,1,adaptive,False
1770698518.9121046,536.9,44,2.188636363636364,11,9,8,16,11,9.44,12.990000000000002,16.32,14.879999999999999,2,adaptive,False
1770698518.952134,537.9,41,2.5365853658536586,11,9,8,13,11,9.74,13.379999999999999,13.0,15.280000000000001,2,adaptive,False
1770698518.9892812,538.9,41,2.8243902439024384,12,9,8,13,11,10.04,13.780000000000001,13.0,15.760000000000002,2,adaptive,False
1770698519.0392437,539.9,38,3.3631578947368417,12,9,8,10,11,10.34,14.18,10.0,16.26,2,adaptive,False
1770698519.0893464,540.9,47,2.9744680851063827,12,10,11,12,14,11.64,17.58,12.0,19.76,2,adaptive,False
1770698519.1517992,541.9,46,3.310869565217391,13,10,11,11,14,11.94,18.03,11.0,20.26,2,adaptive,False
1770698519.1892486,542.9,45,3.695555555555556,15,10,11,10,14,12.34,18.53,10.0,20.759999999999998,2,adaptive,False
1770698519.230515,543.9,44,4.120454545454546,15,10,11,9,14,12.84,19.03,9.0,21.259999999999998,2,adaptive,False
1770698519.280342,544.9,44,4.461363636363637,15,10,11,9,14,13.34,19.53,9.0,21.759999999999998,3,adaptive,False
1770698519.3398871,545.9,44,4.818181818181818,16,10,12,8,14,13.84,21.1,8.0,22.259999999999998,3,adaptive,False
1770698519.3878565,546.9,44,5.195454545454545,17,10,12,8,14,14.34,21.700000000000003,8.06,22.759999999999998,3,adaptive,False
1770698519.4249907,547.9,46,5.339130434782609,17,10,12,9,15,14.84,22.3,9.16,24.259999999999998,3,adaptive,False
1770698519.4749684,548.9,46,3.502173913043478,12,10,12,9,15,15.34,12.75,9.26,24.759999999999998,4,adaptive,False
1770698519.519282,549.9,44,3.75,12,11,9,9,15,16.84,9.0,9.36,25.3,4,adaptive,False
1770698519.5748532,550.9,44,4.0227272727272725,12,11,9,9,15,17.34,9.0,9.46,25.9,4,adaptive,False
1770698519.624899,551.9,42,4.502380952380953,13,11,7,9,15,17.84,7.0,9.57,26.5,4,adaptive,False
1770698519.6749911,552.9,44,4.640909090909091,16,13,7,9,15,20.43,7.0,9.77,27.22,4,adaptive,False
1770698519.730485,553.9,44,5.029545454545455,18,13,6,10,15,21.03,6.0,10.99,28.11,4,adaptive,False
1770698519.7757485,554.9,45,5.317777777777778,18,13,6,11,15,21.630000000000003,6.0,12.29,29.009999999999998,4,adaptive,False
1770698519.8366137,555.9,47,5.474468085106383,18,13,7,11,16,22.23,7.0,12.59,30.91,4,adaptive,False
1770698519.910386,556.9,47,5.878723404255318,19,13,7,11,16,22.93,7.0,12.89,31.810000000000002,5,adaptive,False
1770698519.98223,557.9,47,6.282978723404256,19,13,7,11,16,23.630000000000003,7.0,13.19,32.71,5,adaptive,False
1770698520.0492718,558.9,48,6.5562499999999995,20,14,7,11,16,25.37,7.0,13.49,33.61,5,adaptive,False
1770698520.1154969,559.9,48,6.974999999999999,21,14,7,11,16,26.17,7.0,13.8,34.510000000000005,5,adaptive,False
1770698520.2116938,560.9,49,3.826530612244898,17,14,7,12,16,26.990000000000002,7.05,15.2,18.51,6,adaptive,False
1770698520.2590518,561.9,47,3.7531914893617024,14,14,7,13,13,27.89,7.15,16.6,13.0,6,adaptive,False
1770698520.298822,562.9,49,3.8857142857142857,14,14,7,13,15,28.79,7.25,17.0,15.0,6,adaptive,False
1770698520.35228,563.9,46,4.465217391304348,15,14,7,13,12,29.69,7.35,17.5,12.0,6,adaptive,False
1770698520.3989425,564.9,46,4.810869565217391,16,14,7,13,12,30.59,7.54,18.0,12.0,6,adaptive,False
1770698520.4487085,565.9,47,5.048936170212766,16,14,8,13,12,31.490000000000002,8.74,18.5,12.0,6,adaptive,False
1770698520.485582,566.9,46,5.506521739130435,16,14,8,13,11,32.39,8.94,19.0,11.0,6,adaptive,False
1770698520.530538,567.9,45,5.984444444444445,16,15,8,13,9,34.290000000000006,9.14,19.5,9.0,6,adaptive,False
1770698520.5807512,568.9,46,6.202173913043477,16,15,8,14,9,35.19,9.34,21.0,9.0,7,adaptive,False
1770698520.6392963,569.9,46,6.549999999999999,16,15,8,14,9,36.09,9.54,21.5,9.0,7,adaptive,False
1770698520.694974,570.9,48,6.643750000000001,19,15,9,14,10,37.08,10.74,22.0,10.07,7,adaptive,False
1770698520.7391179,571.9,48,7.087500000000001,23,15,9,14,10,38.08,11.01,22.57,10.36,7,adaptive,False
1770698520.7805052,572.9,48,3.5187500000000003,17,15,9,14,10,19.65,11.31,23.270000000000003,10.66,0,adaptive,False
1770698520.8390305,573.9,45,3.031111111111111,14,12,9,14,10,12.0,11.71,23.97,10.96,0,adaptive,False
1770698520.8815155,574.9,45,3.3422222222222224,14,12,9,14,10,12.0,12.11,24.67,11.26,0,adaptive,False
1770698520.9304776,575.9,43,3.8232558139534887,14,10,9,14,10,10.0,12.51,25.370000000000005,11.56,0,adaptive,False
1770698520.9748282,576.9,48,3.716666666666667,14,12,11,15,10,12.0,14.91,27.07,11.86,0,adaptive,False
1770698521.0306215,577.9,48,4.016666666666667,15,11,11,15,11,11.0,15.31,27.810000000000002,13.16,0,adaptive,False
1770698521.0855746,578.9,48,4.333333333333334,16,11,11,15,11,11.0,15.73,28.610000000000003,13.46,0,adaptive,False
1770698521.1248384,579.9,46,4.88913043478261,17,9,11,15,11,9.0,16.23,29.410000000000004,13.85,0,adaptive,False
1770698521.1719043,580.9,46,5.276086956521739,19,8,11,16,11,8.0,16.75,31.270000000000003,14.25,1,adaptive,False
1770698521.2086139,581.9,46,5.6891304347826095,19,7,11,17,11,7.0,17.35,33.17,14.65,1,adaptive,False
1770698521.2663248,582.9,46,6.11304347826087,20,7,11,17,11,7.0,17.95,34.07000000000001,15.100000000000001,1,adaptive,False
1770698521.3126254,583.9,47,6.419148936170214,21,7,11,18,11,7.05,18.55,35.97,15.600000000000001,1,adaptive,False
1770698521.3594613,584.9,47,3.663829787234042,17,7,11,18,11,7.15,19.15,21.82,16.1,2,adaptive,False
1770698521.4082992,585.9,48,3.09375,14,8,11,16,13,8.34,19.75,16.16,18.6,2,adaptive,False
1770698521.4663393,586.9,49,3.273469387755102,14,8,12,16,13,8.54,21.4,16.0,19.1,2,adaptive,False
1770698521.5219653,587.9,49,3.559183673469388,14,8,12,16,13,8.74,22.1,16.0,19.6,2,adaptive,False
1770698521.5771503,588.9,46,4.095652173913043,14,8,12,13,13,8.94,22.8,13.0,20.1,2,adaptive,False
1770698521.6166775,589.9,43,4.706976744186047,14,8,12,10,13,9.14,23.5,10.0,20.6,2,adaptive,False
1770698521.6784348,590.9,44,4.918181818181818,14,8,12,11,13,9.34,24.200000000000003,11.0,21.1,2,adaptive,False
1770698521.7253516,591.9,43,5.374418604651162,15,8,12,9,14,9.54,24.9,9.0,22.67,2,adaptive,False
1770698521.7748742,592.9,43,5.723255813953489,15,8,12,8,15,9.74,25.6,8.0,24.27,3,adaptive,False
1770698521.8247225,593.9,43,6.090697674418604,16,8,12,8,15,9.94,26.3,8.0,24.950000000000003,3,adaptive,False
1770698521.8957584,594.9,44,6.345454545454547,18,9,12,8,15,11.24,27.03,8.0,25.65,3,adaptive,False
1770698521.975025,595.9,44,6.7659090909090915,19,9,12,8,15,11.54,27.830000000000002,8.0,26.4,3,adaptive,False
1770698522.0589848,596.9,45,4.98,17,9,13,8,15,11.84,20.29,8.08,27.200000000000003,4,adaptive,False
1770698522.1307213,597.9,43,3.8116279069767436,13,9,10,9,15,12.14,10.0,9.18,28.07,4,adaptive,False
1770698522.2088923,598.9,43,4.1139534883720925,13,9,10,9,15,12.44,10.0,9.28,28.97,4,adaptive,False
1770698522.2700303,599.9,43,4.416279069767441,13,9,10,9,15,12.74,10.0,9.38,29.869999999999997,4,adaptive,False
